title,Grumpier Old Men (1995),Heat (1995),Jumanji (1995),Sabrina (1995),Toy Story (1995)
Grumpier Old Men (1995),1.0,0.0,0.8320502943378437,0.0,0.6154574548966636
Heat (1995),0.0,0.9999999999999998,0.27311549679956754,0.0,0.303030303030303
Jumanji (1995),0.8320502943378437,0.27311549679956754,1.0000000000000002,0.0,0.5120915564991891
Sabrina (1995),0.0,0.0,0.0,1.0,0.6154574548966636
Toy Story (1995),0.6154574548966636,0.303030303030303,0.5120915564991891,0.6154574548966636,0.9999999999999998
